,MAE,RMSE,R2
LinearRegression,11.798930707405578,14.739132500829317,0.31514960406244097
RandomForest,1.2998064492954593,2.6553102979660537,0.9777729193867943
XGBoost,1.338957961346935,2.9906619204866507,0.9718040645930683
